0,51,2
0,72,1
0,228,4
0,258,3
1,155,1
1,256,4
2,155,4
2,256,2
2,287,1
3,69,2
3,197,2
4,190,3
4,246,2
5,45,4
6,144,2
6,185,3
7,123,3
7,257,2
7,428,6
8,30,3
8,226,3
9,94,2
9,127,1
10,27,2
10,82,1.5
10,93,6
10,103,1
10,162,1
10,208,2
10,243,4
11,55,2
11,250,1
12,155,2
12,156,2
12,166,3
12,220,2
12,244,2
12,271,4
13,91,0.3333333333
13,166,0.6666666667
14,77,2
14,262,2
14,307,10
14,443,4
15,90,2
15,172,2
16,73,3
16,109,0.6666666667
16,285,2
17,183,1
17,189,1
18,96,2
19,64,2
19,212,2
20,66,3
20,262,2
21,46,2
21,110,2
22,40,2
22,156,3
23,155,1.5
23,163,2
23,323,2
23,357,4
24,160,0.5
24,248,1
25,253,2
25,267,2
25,415,3
25,430,2
26,78,2
26,197,2
27,106,2
27,161,1
27,188,1
27,189,3
27,252,2
28,83,1
28,156,2
29,173,2
29,186,3
30,295,2
31,69,2
31,200,2
32,35,1
32,163,0.5
33,99,3
33,118,2
34,239,2
35,281,1
36,157,3
36,293,3
37,57,2
37,80,3
38,127,2
38,144,5
38,322,7
39,46,2
39,88,3
39,138,2
39,169,1
39,324,3
40,41,3
40,405,2
40,421,2
41,62,4
41,119,2
41,180,3
41,284,2
41,287,4
42,78,2
42,180,3
42,214,2
42,281,3
43,160,0.5
43,165,1
44,203,2
44,237,2
45,49,8
45,52,4
47,125,1
47,244,2
48,86,0.5
48,150,2
48,193,2
50,102,2
50,211,2
51,258,2
52,210,4
53,54,2
53,55,2
54,239,1
54,332,4
56,184,4
57,118,3
58,234,2
58,251,2
59,125,1
59,150,1
60,170,2
60,232,2
61,167,4
61,272,3
62,199,2
62,214,2
62,445,4
63,105,2
63,134,2
64,96,2
65,66,4
65,84,3
67,157,2
67,249,3
68,85,2
68,105,2
70,171,2
70,289,2
71,72,4
71,278,3
71,300,2
71,440,3
72,179,3
73,98,1.2
73,121,3
73,137,2
73,279,2
73,285,1
74,206,1
74,217,1
75,178,2
75,288,3
76,92,4
76,123,2
77,263,1
79,201,2
79,225,2
81,162,2
81,189,3
82,189,1.090909091
83,135,2
83,147,3
84,128,2
85,151,2
86,248,1
86,271,1
86,277,1
87,249,2
88,89,5
88,144,1
88,169,2
88,269,0.5
88,414,5
89,103,0.6666666667
89,144,0.6666666667
90,108,2
91,144,1.333333333
91,155,3
91,252,3
92,164,3
92,280,2
93,247,2
93,274,7
93,282,1
93,348,4
94,122,2
94,159,2
94,219,4
95,191,2
95,279,1
97,172,3
97,207,2
98,121,4
98,230,0.3333333333
99,110,4
100,109,2
100,222,1
101,252,1
101,269,2
102,108,3
104,174,2
104,192,2
106,132,2
106,188,2
106,193,1
106,266,2
106,277,3
107,140,1.5
107,258,3
107,413,3
109,205,2
109,258,2
111,178,3
111,190,8
111,192,2
112,240,1.2
112,290,1
113,139,1.2
113,367,3
114,175,2
114,181,3
114,283,2
115,116,3
115,117,3
115,131,4
116,117,0.8333333333
116,366,6
119,232,2
120,254,3
121,183,1.5
122,144,4
122,322,1
122,325,1.2
124,133,1
124,264,1.5
125,218,2
125,252,2
126,183,2
126,221,1
128,261,2
129,130,2
129,131,2
130,186,2
132,145,2
133,215,1.5
134,170,2
135,187,2
135,271,3
135,296,2
136,202,1.2
136,290,1.5
137,409,2
138,257,2
139,175,4
139,231,1
140,209,2.1
141,282,2
141,289,2
142,158,2
142,202,2
143,203,2
143,274,4
144,218,2
145,230,3
146,149,1
146,275,2
147,271,1
148,161,3
148,204,1
149,222,2
150,193,2
150,252,1
152,153,3
152,241,2
153,224,2
153,268,2
154,220,2
154,276,2
155,166,0.6666666667
155,287,2
156,227,2
158,270,1
159,259,3
159,363,9
163,238,1
163,241,4
165,256,1
166,185,1
167,176,3
167,210,4
168,234,4
171,274,4
173,228,1
174,233,3
175,198,2
176,177,2
177,195,2
178,278,2
179,190,2
181,195,3
182,231,1
182,273,1
183,204,2
184,226,3
187,239,3
188,193,2
188,208,2
188,252,2
188,269,2
189,213,1
189,270,2
189,300,1
191,201,3
194,265,1
194,266,3
196,263,1
196,281,1
197,276,2
197,284,2
198,274,3
199,212,2
200,241,2
202,378,2
205,236,2
206,229,3
206,283,3
207,268,2
211,293,3
213,275,2
215,217,1
216,233,1
216,286,3
219,253,3
219,318,2
219,415,4
219,419,3
220,255,2
220,287,2
220,434,2
221,288,3
221,290,7
223,230,1
223,266,1
224,235,2
225,292,3
227,271,1
229,245,2
234,392,7
235,293,2
236,258,1
238,287,1.5
239,265,3
240,273,1.5
241,281,3
241,287,6
241,358,3
241,388,2
242,266,1
242,277,1
243,247,1
245,246,3
247,414,5
250,251,2
254,294,3
259,295,2
260,261,3
260,345,5
267,418,2
267,430,4
267,442,3
271,277,2
276,284,2
279,373,6
279,375,3
280,294,1
282,316,2
282,348,2
287,410,2
290,299,5
290,376,3
291,292,3
291,341,1
296,297,2
298,445,6
299,413,3
301,347,2
301,355,2
302,313,1
302,406,3
303,425,1
303,429,2
304,396,3
304,398,2
305,344,3
305,364,2
305,444,2
306,309,1
306,312,1
308,309,3
310,391,2
310,425,2
311,390,2
311,399,1
312,364,3
313,444,1
314,362,4
314,408,6
315,370,3
315,395,2
316,317,2
317,376,2
318,441,2
319,412,4
319,423,3
320,343,2
320,346,5
321,326,3
321,435,2
322,324,4
323,385,2
324,377,3
325,338,6
325,339,2
326,365,3
327,403,2
327,438,2
328,353,2
328,404,4
329,424,5
330,368,6
331,351,2
331,431,3
332,340,5
332,432,1
333,373,5
333,432,8
334,357,3
334,418,3
335,355,2
335,384,3
336,363,3
336,428,2
337,422,4
338,359,2
339,356,3
340,397,3
341,389,2
342,351,2
342,381,2
342,437,2
343,411,2
343,417,3
345,404,5
347,379,2
348,360,2
349,387,3
349,388,2
349,433,3
350,370,2
350,422,4
352,362,3
352,404,3
353,407,2
354,360,2
354,377,3
354,428,4
356,357,1
356,369,3
357,385,2
357,402,3
358,369,3
359,371,2
361,416,3
361,440,2
363,415,4
365,367,1
366,416,3
366,439,5
368,442,3
371,410,3
372,387,2
372,407,3
374,380,2
374,439,2
378,414,2
379,393,1
380,412,4
381,406,2
382,383,2
382,430,3
383,433,3
384,406,4
386,423,3
386,427,7
389,392,1
390,391,3
392,399,2
394,395,7
394,421,4
395,421,4
396,438,6
397,400,3
398,422,2
400,421,5
401,427,6
402,420,1
403,431,2
405,434,2
411,441,2
417,426,3
419,420,2
424,426,2
429,431,1
433,443,3
435,436,4
437,438,3
